1641250800000,46222.16000000,46463.50000000,46174.76000000,46380.57000000,143.55233000,1641251699999,6649137.48835830,4947,67.27171000,3116402.77733390,0
1641251700000,46380.57000000,46464.06000000,46345.73000000,46415.50000000,44.54435000,1641252599999,2067092.70813770,2201,20.20197000,937461.33748280,0
1641252600000,46417.95000000,46568.99000000,46374.78000000,46529.47000000,97.05099000,1641253499999,4512336.84618350,3698,42.10789000,1957286.35413530,0
1641253500000,46527.11000000,46558.57000000,46417.28000000,46450.22000000,46.47391000,1641254399999,2159089.18031210,2281,19.14936000,889601.66601830,0
1641254400000,46450.22000000,46527.04000000,46350.84000000,46409.70000000,71.02369000,1641255299999,3298422.19421400,4418,34.86509000,1619094.86796330,0
1641255300000,46409.70000000,46536.75000000,46235.79000000,46486.16000000,117.05964000,1641256199999,5424685.94492080,5120,62.30643000,2887705.25040460,0
1641256200000,46486.15000000,46507.48000000,46275.48000000,46285.86000000,48.79605000,1641257099999,2263733.94514460,3161,24.39412000,1131650.15579690,0
1641257100000,46285.86000000,46341.75000000,46162.68000000,46252.82000000,75.46856000,1641257999999,3490161.11202190,4205,34.38816000,1590275.52437970,0
1641258000000,46248.47000000,46293.70000000,46162.69000000,46293.70000000,64.11765000,1641258899999,2962737.88141310,3467,33.08005000,1528505.28426150,0
1641258900000,46293.71000000,46400.00000000,46258.42000000,46343.96000000,45.49962000,1641259799999,2107872.21902300,2969,23.44798000,1086263.94905560,0
1641259800000,46343.95000000,46343.95000000,46094.65000000,46138.69000000,44.88431000,1641260699999,2073090.84105430,3089,20.47412000,945572.09461510,0
1641260700000,46133.58000000,46200.70000000,46053.30000000,46064.50000000,37.99880000,1641261599999,1751647.35242810,2732,16.34214000,753354.19108990,0
1641261600000,46064.51000000,46150.00000000,45951.65000000,45987.34000000,93.29427000,1641262499999,4295373.11815540,4273,42.52549000,1958217.90322030,0
1641262500000,45987.34000000,46155.35000000,45955.05000000,46135.00000000,61.62702000,1641263399999,2838805.31821600,3079,39.23119000,1807329.42291110,0
1641263400000,46135.00000000,46261.63000000,46075.14000000,46208.67000000,41.82846000,1641264299999,1931642.26976630,2812,23.83678000,1100749.88263980,0
1641264300000,46208.58000000,46235.00000000,46092.17000000,46110.46000000,39.83875000,1641265199999,1838559.46580460,2343,19.17457000,884796.07162150,0
1641265200000,46109.99000000,46157.29000000,46029.00000000,46044.72000000,33.22698000,1641266099999,1530545.39681060,2059,17.21365000,792873.96199030,0
1641266100000,46044.72000000,46208.45000000,46018.29000000,46195.06000000,43.93323000,1641266999999,2026891.32551580,2626,25.30307000,1167234.49257460,0
1641267000000,46195.07000000,46340.00000000,46182.25000000,46339.99000000,65.44896000,1641267899999,3028310.18289790,3088,37.27059000,1724264.56453120,0
1641267900000,46339.99000000,46376.53000000,46296.40000000,46322.85000000,46.02944000,1641268799999,2132847.20867290,2544,20.18635000,935344.03924620,0
1641268800000,46322.85000000,46394.99000000,46186.87000000,46250.11000000,68.49751000,1641269699999,3170030.12995780,2809,35.81737000,1657537.27041360,0
1641269700000,46250.11000000,46335.00000000,46232.69000000,46335.00000000,26.00345000,1641270599999,1203619.09071970,1978,13.91071000,643955.51027560,0
1641270600000,46335.00000000,46407.76000000,46022.35000000,46144.03000000,123.44008000,1641271499999,5701975.94796650,5010,52.00018000,2402266.56578940,0
1641271500000,46144.03000000,46199.57000000,46060.61000000,46098.55000000,62.31720000,1641272399999,2874425.50627820,2801,27.34926000,1261471.48284370,0
1641272400000,46098.52000000,46171.13000000,46040.06000000,46138.28000000,37.46766000,1641273299999,1727599.88687200,2215,17.21176000,793489.25221860,0
1641273300000,46138.26000000,46288.03000000,46129.45000000,46271.72000000,48.95653000,1641274199999,2262170.05518470,2537,27.06064000,1250602.40164600,0
1641274200000,46271.72000000,46276.98000000,46053.45000000,46086.94000000,54.09531000,1641275099999,2496291.67585590,2549,22.74335000,1049778.45000870,0
1641275100000,46086.93000000,46154.07000000,46023.49000000,46151.15000000,41.55119000,1641275999999,1914991.44099030,2175,15.87749000,731930.31492870,0
1641276000000,46151.15000000,46250.00000000,46067.89000000,46202.31000000,77.01379000,1641276899999,3557078.57147710,3447,38.38882000,1773051.59623900,0
1641276900000,46199.22000000,46285.71000000,46107.16000000,46279.55000000,44.82195000,1641277799999,2070440.06906770,2677,21.60226000,998061.61442780,0
1641277800000,46279.99000000,46330.49000000,46251.62000000,46316.29000000,58.84079000,1641278699999,2724326.10004250,2680,26.34764000,1219886.81243630,0
1641278700000,46310.55000000,46385.00000000,46278.18000000,46371.23000000,54.25323000,1641279599999,2513758.34510570,2068,25.28084000,1171496.37129260,0
1641279600000,46370.27000000,46470.00000000,46326.38000000,46347.16000000,79.87214000,1641280499999,3705800.49603950,3161,42.48846000,1971509.06653290,0
1641280500000,46347.49000000,46509.35000000,46325.92000000,46466.30000000,93.02506000,1641281399999,4318825.16548810,3557,43.60921000,2024685.17672130,0
1641281400000,46469.61000000,46546.22000000,46450.99000000,46520.40000000,53.09291000,1641282299999,2469045.56290350,3454,31.93616000,1485118.75079880,0
1641282300000,46520.39000000,46580.09000000,46465.72000000,46553.63000000,66.90831000,1641283199999,3112263.32039870,4068,35.51721000,1652083.65732440,0
1641283200000,46553.71000000,46700.00000000,46465.66000000,46617.98000000,136.46145000,1641284099999,6358746.96201620,6072,79.13637000,3687895.33765190,0
1641284100000,46617.98000000,46659.99000000,46520.77000000,46541.36000000,98.71135000,1641284999999,4598890.75542260,3233,41.17210000,1917838.78246570,0
1641285000000,46542.65000000,46601.59000000,46490.53000000,46492.47000000,59.50620000,1641285899999,2770179.30416790,3129,23.68146000,1102316.75811440,0
1641285900000,46492.48000000,46509.88000000,46400.00000000,46498.09000000,68.01390000,1641286799999,3159894.42487390,3501,29.77448000,1383065.31876560,0
1641286800000,46498.09000000,46600.00000000,46469.60000000,46522.87000000,60.90981000,1641287699999,2835332.26752130,2940,27.82533000,1295310.27738640,0
1641287700000,46521.67000000,46569.97000000,46424.75000000,46470.60000000,81.86659000,1641288599999,3805725.32027020,3626,28.86579000,1341693.79013280,0
1641288600000,46470.61000000,46474.56000000,46318.55000000,46377.42000000,68.86373000,1641289499999,3194941.64662860,3406,28.69055000,1331108.69572640,0
1641289500000,46377.42000000,46428.54000000,46307.54000000,46361.68000000,62.60794000,1641290399999,2902307.36574090,3358,31.82844000,1475353.86595110,0
1641290400000,46362.37000000,46399.71000000,46305.00000000,46359.92000000,62.32539000,1641291299999,2888391.02744050,3103,29.49679000,1366983.39163410,0
1641291300000,46359.92000000,46554.56000000,46359.92000000,46516.41000000,56.10609000,1641292199999,2607465.32797020,3288,32.02904000,1488245.29282670,0
1641292200000,46516.41000000,46630.43000000,46425.96000000,46602.55000000,140.06597000,1641293099999,6518594.48004030,4683,68.25631000,3176541.01553530,0
1641293100000,46602.56000000,46751.00000000,46572.10000000,46634.80000000,172.39393000,1641293999999,8048113.42619840,5337,58.20860000,2717498.33621320,0
1641294000000,46634.81000000,46756.66000000,46634.80000000,46707.81000000,124.41258000,1641294899999,5810263.81515970,4507,51.33609000,2397037.34054550,0
1641294900000,46707.81000000,46749.99000000,46630.00000000,46678.04000000,92.77725000,1641295799999,4333340.48009840,3868,53.16810000,2483441.89488240,0
1641295800000,46678.03000000,46750.00000000,46628.95000000,46728.67000000,88.91622000,1641296699999,4152347.86839880,4059,41.89865000,1956683.66462590,0
1641296700000,46728.67000000,46754.55000000,46677.74000000,46731.41000000,73.62867000,1641297599999,3439948.59278400,4032,28.29940000,1322195.64506990,0
1641297600000,46732.90000000,46764.19000000,46600.10000000,46625.57000000,71.27211000,1641298499999,3326151.90718680,3905,34.88925000,1628205.96970440,0
1641298500000,46625.57000000,46663.23000000,46525.25000000,46537.23000000,68.19639000,1641299399999,3176225.39884020,3562,27.69272000,1289845.16780270,0
1641299400000,46537.23000000,46590.89000000,46481.02000000,46528.08000000,58.34851000,1641300299999,2715209.74286190,2980,31.38947000,1460661.10530320,0
1641300300000,46528.08000000,46655.99000000,46500.00000000,46644.26000000,63.47555000,1641301199999,2954968.75330570,3424,34.57681000,1609584.66193120,0
1641301200000,46644.26000000,46663.25000000,46482.01000000,46487.39000000,55.06744000,1641302099999,2564632.64919210,3421,29.51304000,1374585.62573530,0
1641302100000,46487.39000000,46900.00000000,46417.88000000,46883.57000000,196.78253000,1641302999999,9197875.02460690,6472,128.57969000,6011994.60154710,0
1641303000000,46883.58000000,46900.00000000,46733.85000000,46822.43000000,118.73303000,1641303899999,5559634.65106670,5078,56.33354000,2637461.02212040,0
1641303900000,46822.43000000,47073.26000000,46808.18000000,46958.97000000,243.96471000,1641304799999,11451958.89457440,7894,119.08995000,5590186.05348760,0
1641304800000,46958.97000000,47029.99000000,46816.87000000,46887.47000000,129.48293000,1641305699999,6074146.37535350,5596,51.10170000,2396723.81044030,0
1641305700000,46887.48000000,46964.89000000,46829.76000000,46906.90000000,66.84470000,1641306599999,3134722.35180220,3946,37.24444000,1746588.64370740,0
1641306600000,46908.40000000,47088.88000000,46892.74000000,47070.33000000,96.92101000,1641307499999,4553519.77772720,4839,51.20032000,2405712.79527340,0
1641307500000,47070.05000000,47457.08000000,47070.05000000,47334.20000000,464.51197000,1641308399999,21979919.43024290,12747,252.45265000,11945125.08566260,0
1641308400000,47335.59000000,47540.00000000,47326.53000000,47394.61000000,261.57719000,1641309299999,12408404.16137030,8567,163.54796000,7758056.35535290,0
1641309300000,47398.63000000,47442.16000000,47242.48000000,47349.99000000,112.73292000,1641310199999,5332358.87032490,5129,73.49341000,3476005.05440940,0
1641310200000,47349.99000000,47361.36000000,47012.00000000,47022.35000000,222.39940000,1641311099999,10489507.96669810,6510,90.53266000,4270427.43656900,0
1641311100000,47022.35000000,47159.12000000,46857.00000000,46924.37000000,139.63987000,1641311999999,6562255.96106170,5651,70.35749000,3307146.27235040,0
1641312000000,46924.38000000,46924.38000000,46733.95000000,46774.08000000,267.04070000,1641312899999,12500904.56398690,8136,123.75245000,5792501.02666830,0
1641312900000,46773.48000000,46829.17000000,46645.77000000,46693.45000000,150.88888000,1641313799999,7049567.39327100,6480,80.58353000,3764827.21643130,0
1641313800000,46693.45000000,46855.47000000,46656.19000000,46812.97000000,118.81369000,1641314699999,5555496.60199840,4895,67.37340000,3150577.77682850,0
1641314700000,46812.97000000,46869.42000000,46742.43000000,46764.00000000,78.38092000,1641315599999,3670067.58269380,3297,36.03625000,1687286.66409320,0
1641315600000,46764.18000000,46819.82000000,46708.09000000,46811.83000000,58.36925000,1641316499999,2729884.78741300,2863,34.13634000,1596395.64120260,0
1641316500000,46811.82000000,46983.64000000,46788.09000000,46819.23000000,94.94276000,1641317399999,4451911.45816570,4007,52.70076000,2470799.42951720,0
1641317400000,46819.23000000,46912.40000000,46761.99000000,46869.25000000,42.57945000,1641318299999,1995078.53739460,2761,21.32055000,999064.09837390,0
1641318300000,46869.24000000,46872.80000000,46530.00000000,46549.18000000,114.86184000,1641319199999,5361286.12907110,4731,57.11907000,2666071.81015250,0
1641319200000,46549.17000000,46719.37000000,46512.48000000,46657.24000000,117.24729000,1641320099999,5465860.54420090,4487,70.81659000,3301288.15230190,0
1641320100000,46657.25000000,46697.59000000,46468.90000000,46468.90000000,116.64532000,1641320999999,5435060.11030870,3997,47.31782000,2205269.45291580,0
1641321000000,46471.36000000,46490.28000000,45877.55000000,45990.84000000,508.94021000,1641321899999,23465937.37169660,14474,203.28358000,9370231.37060430,0
1641321900000,45990.85000000,45998.86000000,45545.17000000,45743.19000000,559.84793000,1641322799999,25630995.50992370,15546,213.15806000,9759232.61729290,0
1641322800000,45744.67000000,46443.60000000,45588.65000000,46329.82000000,548.70311000,1641323699999,25299693.90985240,15859,300.00569000,13828025.14017350,0
1641323700000,46326.98000000,46456.38000000,46118.75000000,46184.70000000,250.28008000,1641324599999,11580804.20692050,8191,132.23569000,6118796.68968630,0
1641324600000,46181.18000000,46309.07000000,46055.09000000,46118.73000000,118.99750000,1641325499999,5491959.47007620,4880,66.41844000,3065589.90166920,0
1641325500000,46119.68000000,46184.99000000,45939.46000000,46042.17000000,100.97680000,1641326399999,4648181.22819840,4934,44.18451000,2033651.65889190,0
1641326400000,46042.17000000,46218.29000000,45954.02000000,46189.39000000,100.17825000,1641327299999,4618201.75205940,5556,57.86089000,2667465.36514410,0
1641327300000,46189.04000000,46419.68000000,46185.97000000,46392.25000000,107.82407000,1641328199999,4990819.58524140,4571,60.36035000,2793800.54643870,0
1641328200000,46392.24000000,46413.16000000,46266.26000000,46307.62000000,62.98243000,1641329099999,2918895.77948300,3180,29.12756000,1350135.89299880,0
1641329100000,46307.50000000,46367.83000000,46224.99000000,46257.86000000,67.83365000,1641329999999,3139818.54418820,3174,34.24739000,1584754.40728570,0
1641330000000,46257.86000000,46265.25000000,46161.95000000,46195.08000000,51.29155000,1641330899999,2370808.42468120,2576,25.20800000,1165158.63023330,0
1641330900000,46195.07000000,46204.06000000,46021.91000000,46118.21000000,98.98092000,1641331799999,4563598.17303770,3670,42.13386000,1942052.42245330,0
1641331800000,46117.64000000,46273.45000000,46104.57000000,46240.01000000,38.57151000,1641332699999,1781441.32857180,2214,21.15883000,977494.11805540,0
1641332700000,46240.00000000,46312.03000000,46170.01000000,46213.63000000,37.66947000,1641333599999,1741455.86088300,2331,17.58432000,812979.76684720,0
1641333600000,46211.40000000,46211.41000000,46087.83000000,46089.29000000,47.72963000,1641334499999,2201763.41534530,2497,13.40279000,618087.37086330,0
1641334500000,46089.29000000,46164.71000000,45974.81000000,46126.10000000,62.55432000,1641335399999,2881748.05651690,3282,26.08533000,1201940.05160220,0
1641335400000,46125.53000000,46237.37000000,46125.53000000,46231.56000000,26.27325000,1641336299999,1213941.20872110,2065,15.80795000,730434.26180580,0
1641336300000,46231.56000000,46232.00000000,46059.50000000,46147.00000000,50.73581000,1641337199999,2339899.52986620,2173,33.35677000,1538038.26770360,0
1641337200000,46148.33000000,46148.33000000,45901.35000000,45924.70000000,75.45429000,1641338099999,3472947.48676520,3314,28.93307000,1331497.09754600,0
1641338100000,45924.70000000,46078.04000000,45859.80000000,46033.37000000,95.69135000,1641338999999,4398118.59822910,3697,60.57900000,2784808.12132600,0
1641339000000,46033.33000000,46033.74000000,45752.00000000,45807.56000000,110.96820000,1641339899999,5090145.73179910,4313,50.09122000,2297949.47653520,0
1641339900000,45807.56000000,46000.00000000,45783.05000000,45824.27000000,60.38869000,1641340799999,2771446.19585100,3488,28.08812000,1289093.60515040,0
1641340800000,45824.27000000,46028.53000000,45710.01000000,45996.47000000,121.47204000,1641341699999,5570078.43808000,6063,61.40583000,2815806.45583030,0
1641341700000,45996.47000000,46100.81000000,45973.00000000,46029.99000000,77.47445000,1641342599999,3567187.94574980,3491,39.01743000,1796799.32139620,0
1641342600000,46030.00000000,46216.44000000,46018.54000000,46165.40000000,61.68988000,1641343499999,2847446.08869840,3814,35.13393000,1621632.51618870,0
1641343500000,46165.40000000,46285.71000000,46143.72000000,46265.53000000,64.11751000,1641344399999,2963364.02927730,2897,38.52702000,1780586.85453740,0
1641344400000,46265.53000000,46309.08000000,46210.01000000,46302.01000000,65.92584000,1641345299999,3050140.16232530,3045,35.24645000,1630812.78197660,0
1641345300000,46306.76000000,46325.58000000,46176.66000000,46229.12000000,68.71301000,1641346199999,3179167.11969520,3204,34.53445000,1597824.01051110,0
1641346200000,46229.12000000,46274.79000000,46164.77000000,46263.27000000,39.97887000,1641347099999,1847686.92030320,2214,19.76297000,913349.60653330,0
1641347100000,46263.28000000,46271.91000000,46107.17000000,46107.55000000,75.70551000,1641347999999,3495916.75874520,2632,39.37088000,1817820.58675380,0
1641348000000,46107.55000000,46256.96000000,46107.55000000,46242.85000000,94.08000000,1641348899999,4345215.13218820,2560,63.85462000,2948703.57874920,0
1641348900000,46242.85000000,46390.00000000,46242.85000000,46285.72000000,92.87536000,1641349799999,4300311.98609180,3260,55.54746000,2571842.72602690,0
1641349800000,46284.88000000,46383.92000000,46275.00000000,46369.13000000,38.61115000,1641350699999,1788804.31818950,2376,20.65452000,956915.53236670,0
1641350700000,46369.13000000,46379.21000000,46300.00000000,46300.00000000,38.76506000,1641351599999,1796572.55426550,1940,16.40745000,760393.77896910,0
1641351600000,46299.01000000,46494.19000000,46299.01000000,46442.42000000,74.07288000,1641352499999,3437252.91730430,3041,45.40410000,2107047.54009960,0
1641352500000,46442.42000000,46564.01000000,46406.77000000,46407.61000000,79.70211000,1641353399999,3704225.99957920,3465,43.18093000,2007122.85507140,0
1641353400000,46405.89000000,46444.09000000,46384.49000000,46402.94000000,69.63048000,1641354299999,3231076.33342440,1928,57.09388000,2649265.43726720,0
1641354300000,46402.99000000,46488.75000000,46397.75000000,46422.83000000,44.61410000,1641355199999,2072123.55013150,2023,26.67063000,1238695.38128640,0
1641355200000,46422.84000000,46498.19000000,46379.40000000,46495.46000000,49.34667000,1641356099999,2291214.04263290,2183,24.25067000,1126029.73322460,0
1641356100000,46495.46000000,46520.40000000,46447.23000000,46487.82000000,46.01812000,1641356999999,2139073.55640210,2185,25.00842000,1162484.48938230,0
1641357000000,46487.81000000,46491.88000000,46354.58000000,46365.73000000,23.68032000,1641357899999,1098899.40050770,1651,9.71756000,450951.09781130,0
1641357900000,46365.73000000,46455.83000000,46350.01000000,46414.13000000,47.46045000,1641358799999,2202486.19947470,1882,27.75763000,1288021.70655640,0
1641358800000,46414.13000000,46414.13000000,46300.00000000,46310.58000000,50.48553000,1641359699999,2339894.12336140,1969,12.93451000,599447.30521230,0
1641359700000,46310.59000000,46325.45000000,46247.44000000,46309.01000000,60.38518000,1641360599999,2794811.03192120,2319,21.51400000,995774.95754820,0
1641360600000,46309.01000000,46320.73000000,46239.12000000,46256.63000000,34.99621000,1641361499999,1619323.62996320,1557,15.07838000,697723.33136210,0
1641361500000,46256.63000000,46335.90000000,46243.95000000,46300.01000000,48.62561000,1641362399999,2251640.27215820,2263,23.55762000,1090669.53528510,0
1641362400000,46300.01000000,46379.39000000,46245.00000000,46354.57000000,42.90640000,1641363299999,1986233.85612420,2149,20.52620000,950244.41179750,0
1641363300000,46354.57000000,46377.59000000,46302.01000000,46310.52000000,27.88265000,1641364199999,1291729.84114330,1715,14.91344000,690845.51949770,0
1641364200000,46310.43000000,46426.60000000,46310.40000000,46372.10000000,36.44605000,1641365099999,1690594.95672290,2151,17.46019000,809832.45233130,0
1641365100000,46372.11000000,46461.00000000,46361.15000000,46445.32000000,59.51065000,1641365999999,2762217.95047250,1950,43.39868000,2014297.21046500,0
1641366000000,46445.32000000,46489.79000000,46404.11000000,46470.67000000,49.22086000,1641366899999,2286471.23795640,2680,24.95919000,1159350.23348170,0
1641366900000,46470.67000000,46470.68000000,46365.01000000,46420.00000000,39.72681000,1641367799999,1843714.30420170,2293,22.74278000,1055412.89511660,0
1641367800000,46419.99000000,46441.99000000,46347.47000000,46350.00000000,31.69964000,1641368699999,1470070.39816920,2271,14.35220000,665609.01766450,0
1641368700000,46350.00000000,46414.68000000,46336.20000000,46404.28000000,50.49741000,1641369599999,2341476.57314120,2406,37.27456000,1728284.10160780,0
1641369600000,46404.28000000,46434.04000000,46305.80000000,46316.79000000,41.98968000,1641370499999,1946155.75964630,2939,20.28702000,940361.77584900,0
1641370500000,46316.80000000,46366.93000000,46267.63000000,46349.96000000,56.35655000,1641371399999,2610482.92828590,3079,29.86569000,1383403.98420150,0
1641371400000,46353.16000000,46529.99000000,46328.56000000,46516.97000000,57.06806000,1641372299999,2648951.58192980,3074,32.64137000,1515545.48268770,0
1641372300000,46516.51000000,46666.00000000,46515.48000000,46632.12000000,152.69218000,1641373199999,7117133.46247190,5590,83.97491000,3913979.44577410,0
1641373200000,46632.12000000,46690.43000000,46571.04000000,46637.80000000,91.18794000,1641374099999,4252338.34169600,4197,35.61415000,1660613.58768160,0
1641374100000,46637.75000000,46847.07000000,46623.85000000,46800.01000000,159.03144000,1641374999999,7436592.81606490,5737,100.87404000,4716943.83259070,0
1641375000000,46800.01000000,46936.78000000,46747.02000000,46902.19000000,143.15778000,1641375899999,6703720.43780000,4847,63.28696000,2963304.09006460,0
1641375900000,46902.19000000,46952.84000000,46780.48000000,46856.81000000,86.11981000,1641376799999,4036226.39190120,3831,42.31206000,1983088.23168940,0
1641376800000,46856.80000000,47061.05000000,46856.80000000,46954.91000000,135.26600000,1641377699999,6353858.65437440,6344,74.90395000,3518659.42560360,0
1641377700000,46954.91000000,46954.91000000,46765.57000000,46798.69000000,85.81345000,1641378599999,4019003.42646500,4390,33.34839000,1561691.19087600,0
1641378600000,46792.34000000,46830.00000000,46677.41000000,46716.17000000,74.95614000,1641379499999,3503579.11757030,3288,30.98624000,1448340.39145650,0
1641379500000,46716.09000000,46830.58000000,46705.96000000,46813.92000000,38.34080000,1641380399999,1793288.76645930,2454,19.82767000,927440.64752950,0
1641380400000,46813.93000000,46835.69000000,46605.20000000,46640.63000000,54.10875000,1641381299999,2526943.66691110,3414,26.70074000,1246738.23423450,0
1641381300000,46640.63000000,46653.56000000,46464.01000000,46548.39000000,124.33639000,1641382199999,5789041.21031280,4379,53.32762000,2483421.28118710,0
1641382200000,46543.88000000,46549.89000000,46148.44000000,46203.23000000,285.33031000,1641383099999,13216677.30048570,8880,134.03702000,6205951.15237120,0
1641383100000,46203.22000000,46293.70000000,46110.00000000,46269.61000000,82.77266000,1641383999999,3825690.40854450,4537,40.51672000,1872838.77459150,0
1641384000000,46269.60000000,46342.88000000,46122.71000000,46185.41000000,99.96858000,1641384899999,4621591.57652850,4571,44.81206000,2071714.20073870,0
1641384900000,46185.41000000,46229.57000000,45949.94000000,46150.78000000,187.53601000,1641385799999,8641102.41181470,6829,83.78619000,3860944.63335520,0
1641385800000,46151.68000000,46166.76000000,45893.91000000,46050.77000000,164.83164000,1641386699999,7584436.36423770,6050,70.62779000,3250242.68280150,0
1641386700000,46050.77000000,46248.81000000,45901.48000000,46225.30000000,109.16116000,1641387599999,5031570.66994980,5345,55.80705000,2572288.45701660,0
1641387600000,46225.30000000,46284.45000000,46112.45000000,46153.99000000,84.69366000,1641388499999,3912486.28109820,4096,40.86957000,1887844.70983580,0
1641388500000,46154.00000000,46393.00000000,46125.84000000,46367.40000000,91.98175000,1641389399999,4257683.04547720,4637,51.90070000,2402249.12263750,0
1641389400000,46367.40000000,46451.64000000,46316.30000000,46358.60000000,115.56219000,1641390299999,5360827.90290640,4777,57.51064000,2667974.86489620,0
1641390300000,46358.61000000,46437.49000000,46268.31000000,46437.47000000,72.99187000,1641391199999,3384750.51818860,3940,32.76741000,1519318.28512390,0
1641391200000,46437.47000000,46508.75000000,46372.17000000,46419.87000000,94.00301000,1641392099999,4365830.87431910,3869,47.37143000,2200259.44805780,0
1641392100000,46419.25000000,46419.26000000,46292.80000000,46400.00000000,79.92077000,1641392999999,3703343.88830600,4200,43.41237000,2011610.79215710,0
1641393000000,46399.99000000,46759.44000000,46231.06000000,46326.13000000,312.50127000,1641393899999,14514066.67306290,11307,147.21246000,6836909.91866250,0
1641393900000,46326.13000000,46809.94000000,46150.91000000,46688.01000000,377.30794000,1641394799999,17521155.51850750,12055,255.86326000,11876054.08591110,0
1641394800000,46688.01000000,46819.00000000,46545.65000000,46550.27000000,204.92244000,1641395699999,9575126.72089470,7189,93.62128000,4373786.03445060,0
1641395700000,46550.27000000,46778.00000000,46506.01000000,46752.01000000,87.41028000,1641396599999,4077148.85013300,4352,38.60334000,1800500.14500580,0
1641396600000,46752.00000000,46752.00000000,46458.99000000,46540.64000000,95.15838000,1641397499999,4430482.40475160,4720,40.33196000,1877957.92566500,0
1641397500000,46540.64000000,46639.80000000,46375.25000000,46616.66000000,83.18685000,1641398399999,3868392.05234350,4340,45.95112000,2136784.17214910,0
1641398400000,46616.66000000,46661.00000000,46350.00000000,46462.28000000,83.77949000,1641399299999,3894613.42438240,4714,36.53458000,1698384.46630230,0
1641399300000,46462.28000000,46669.18000000,46461.05000000,46669.18000000,70.71679000,1641400199999,3292595.02916050,4105,40.84509000,1901299.63772260,0
1641400200000,46669.12000000,46669.13000000,46373.61000000,46393.26000000,71.19317000,1641401099999,3309276.14125780,3694,27.55673000,1281150.28252550,0
1641401100000,46393.26000000,46398.08000000,46286.02000000,46303.07000000,94.67659000,1641401999999,4386848.18612180,4176,42.52328000,1970431.28902960,0
1641402000000,46303.07000000,46467.29000000,46286.03000000,46362.34000000,66.47503000,1641402899999,3083066.08435830,3038,37.24802000,1727123.21626460,0
1641402900000,46364.02000000,46385.00000000,46245.83000000,46361.90000000,86.57764000,1641403799999,4009546.93749110,3695,46.91222000,2172709.47204280,0
1641403800000,46361.91000000,46368.04000000,46080.15000000,46153.91000000,138.61042000,1641404699999,6399364.76186710,5977,64.28038000,2967588.20529780,0
1641404700000,46153.91000000,46211.00000000,46000.00000000,46008.71000000,151.21757000,1641405599999,6969172.35273770,5964,70.03248000,3228004.29680710,0
1641405600000,46008.71000000,46012.01000000,45555.55000000,45777.63000000,649.61658000,1641406499999,29718247.12897860,17536,290.88720000,13303368.76189450,0
1641406500000,45777.63000000,45949.22000000,45573.10000000,45854.00000000,257.71531000,1641407399999,11797730.57128920,8493,136.73697000,6259392.95794970,0
1641407400000,45850.01000000,46300.00000000,45800.02000000,45992.70000000,255.53716000,1641408299999,11758947.55115230,9668,147.81802000,6801676.08435660,0
1641408300000,45992.71000000,46147.72000000,45910.00000000,45916.70000000,92.86921000,1641409199999,4272758.57688450,4325,49.98897000,2299853.81721540,0
1641409200000,45916.70000000,46099.90000000,45650.00000000,45684.86000000,335.26621000,1641410099999,15360586.21198490,10290,159.26995000,7297382.73706210,0
1641410100000,45684.95000000,45990.00000000,45578.00000000,45897.73000000,277.54531000,1641410999999,12699783.96829910,8872,174.23943000,7972122.45257170,0
1641411000000,45895.42000000,45973.59000000,45550.00000000,45552.30000000,260.56278000,1641411899999,11930379.29956940,6576,131.00305000,6000274.07642670,0
1641411900000,45555.09000000,45569.97000000,44500.00000000,44678.19000000,1512.16993000,1641412799999,68001811.08058520,42833,619.86030000,27860740.34306400,0
1641412800000,44678.19000000,44830.22000000,43701.63000000,44236.31000000,1117.36410000,1641413699999,49422021.24499720,32115,515.65483000,22817121.93701700,0
1641413700000,44236.31000000,44425.00000000,44003.04000000,44141.70000000,583.97258000,1641414599999,25824800.96646500,17034,310.95065000,13752810.36909150,0
1641414600000,44141.70000000,44399.50000000,44060.00000000,44191.43000000,359.21327000,1641415499999,15886331.83255930,10749,202.50327000,8955447.13693690,0
1641415500000,44195.38000000,44277.59000000,43890.00000000,43976.51000000,506.24880000,1641416399999,22309450.64062500,12645,215.07569000,9475882.42936160,0
1641416400000,43968.68000000,44327.91000000,43913.22000000,44178.10000000,293.93571000,1641417299999,12982427.90467030,11454,164.46928000,7264239.02157650,0
1641417300000,44178.09000000,44203.01000000,43836.73000000,43962.36000000,223.94796000,1641418199999,9853270.78252690,9786,99.05526000,4357852.28534480,0
1641418200000,43961.95000000,43972.71000000,43400.00000000,43669.96000000,494.13664000,1641419099999,21556228.51230460,18795,238.55959000,10409806.95294560,0
1641419100000,43669.96000000,43936.69000000,43605.18000000,43605.22000000,261.67802000,1641419999999,11458965.16705270,9810,130.87198000,5730346.07948200,0
1641420000000,43605.17000000,43779.34000000,43262.00000000,43357.47000000,349.28631000,1641420899999,15211799.70065180,14111,145.59163000,6338893.26885270,0
1641420900000,43357.16000000,43494.10000000,42950.00000000,42974.02000000,489.68958000,1641421799999,21161112.22800750,19935,228.46312000,9881736.38836610,0
1641421800000,42976.61000000,43522.51000000,42500.00000000,43442.81000000,841.36079000,1641422699999,36167328.76091240,28837,400.86007000,17249779.45526530,0
1641422700000,43442.82000000,43632.65000000,43139.05000000,43433.10000000,321.13824000,1641423599999,13947628.67245500,12500,179.71133000,7805443.12947630,0
1641423600000,43433.10000000,43565.87000000,43244.45000000,43535.38000000,274.56376000,1641424499999,11916856.02561480,10123,151.90191000,6593874.13938720,0
1641424500000,43535.37000000,43702.00000000,43445.69000000,43632.85000000,228.79129000,1641425399999,9971126.10560410,9766,98.44298000,4290957.32715810,0
1641425400000,43632.85000000,43653.81000000,43400.00000000,43611.44000000,198.99236000,1641426299999,8658200.35541020,8376,81.38474000,3541160.38450670,0
1641426300000,43611.43000000,43665.00000000,43397.06000000,43448.50000000,137.22599000,1641427199999,5975912.54647120,6773,65.96198000,2872898.99348590,0
1641427200000,43444.77000000,43559.12000000,43280.00000000,43507.01000000,210.94032000,1641428099999,9154607.87999820,9007,101.47155000,4403693.59247390,0
1641428100000,43508.29000000,43612.19000000,43367.88000000,43523.64000000,159.89295000,1641428999999,6952470.84833920,6553,72.66703000,3160472.94611240,0
1641429000000,43523.64000000,43760.48000000,43481.63000000,43685.00000000,198.29521000,1641429899999,8657334.69213460,6862,106.44628000,4647380.74174110,0
1641429900000,43680.04000000,43697.20000000,43543.83000000,43677.04000000,116.43493000,1641430799999,5080136.50891100,4590,50.31944000,2195594.17229030,0
1641430800000,43677.04000000,43695.64000000,43526.54000000,43645.01000000,94.22469000,1641431699999,4108236.31770820,4261,46.96611000,2047967.61795950,0
1641431700000,43645.79000000,43792.21000000,43567.31000000,43598.01000000,122.33134000,1641432599999,5345058.46934720,4824,64.31325000,2811185.18457590,0
1641432600000,43598.01000000,43666.78000000,43501.01000000,43659.82000000,87.20410000,1641433499999,3800816.88507830,4229,49.51322000,2158039.96591750,0
1641433500000,43659.71000000,43659.71000000,43302.60000000,43540.85000000,157.26072000,1641434399999,6833638.98673920,6712,69.15176000,3005253.17309140,0
1641434400000,43540.85000000,43609.56000000,43354.06000000,43354.68000000,67.26816000,1641435299999,2925760.17267760,4362,30.64951000,1333402.54365480,0
1641435300000,43354.06000000,43418.63000000,43143.78000000,43227.84000000,222.96092000,1641436199999,9653333.28495750,6725,113.79067000,4927539.69105570,0
1641436200000,43231.79000000,43389.68000000,43203.61000000,43389.68000000,171.51554000,1641437099999,7427990.32857020,5452,117.45198000,5086817.57375810,0
1641437100000,43389.72000000,43435.59000000,43216.89000000,43254.40000000,89.02300000,1641437999999,3856424.57926190,4428,40.25505000,1743947.85863510,0
1641438000000,43254.39000000,43303.31000000,43088.87000000,43236.19000000,129.88061000,1641438899999,5608286.67754280,5279,65.17905000,2814352.06801380,0
1641438900000,43236.19000000,43252.98000000,43078.22000000,43088.79000000,136.21922000,1641439799999,5879236.08576660,4439,83.72481000,3613890.95883100,0
1641439800000,43088.98000000,43196.52000000,43000.00000000,43080.49000000,132.83491000,1641440699999,5724216.60128500,5291,64.88928000,2797030.14484880,0
1641440700000,43086.17000000,43126.91000000,42820.00000000,42828.52000000,294.38993000,1641441599999,12638392.99287820,10035,140.74218000,6041975.48397480,0
1641441600000,42832.37000000,43059.05000000,42741.14000000,43020.95000000,191.14174000,1641442499999,8195794.85771720,7651,104.13560000,4465676.42373760,0
1641442500000,43020.95000000,43143.54000000,42820.96000000,42821.81000000,116.13249000,1641443399999,4997104.39889350,6205,59.10917000,2543885.40759560,0
1641443400000,42821.80000000,42985.45000000,42573.78000000,42766.47000000,285.76120000,1641444299999,12213261.54736200,9707,153.71652000,6570818.40653260,0
1641444300000,42767.34000000,43135.00000000,42668.87000000,43030.49000000,185.56717000,1641445199999,7967167.93153710,7268,104.67738000,4494030.97729480,0
1641445200000,43030.49000000,43179.48000000,42792.51000000,43130.69000000,196.20441000,1641446099999,8439147.23439130,7201,89.17865000,3836419.84138010,0
1641446100000,43128.61000000,43244.60000000,43069.39000000,43152.97000000,100.27785000,1641446999999,4326795.29166500,4863,48.84688000,2107795.12661720,0
1641447000000,43152.98000000,43172.70000000,42850.28000000,42934.53000000,153.38462000,1641447899999,6596782.07975990,6109,61.73496000,2654876.25164680,0
1641447900000,42933.41000000,43133.86000000,42933.41000000,43044.57000000,115.56035000,1641448799999,4973838.55241720,5129,58.39331000,2512906.24176680,0
1641448800000,43046.23000000,43100.00000000,42914.44000000,43100.00000000,70.32971000,1641449699999,3023434.38785080,3956,37.03017000,1591974.23686880,0
1641449700000,43096.65000000,43221.29000000,43040.65000000,43106.68000000,95.69845000,1641450599999,4130063.88583620,4683,46.52163000,2007818.34535150,0
1641450600000,43106.68000000,43149.04000000,42901.00000000,42951.86000000,79.21539000,1641451499999,3406718.68895160,4255,36.49461000,1569357.27013800,0
1641451500000,42951.92000000,43113.21000000,42929.97000000,43093.06000000,68.56996000,1641452399999,2950617.99379980,3795,33.64838000,1447696.18542100,0
1641452400000,43093.06000000,43205.20000000,42987.14000000,43131.83000000,81.36091000,1641453299999,3507757.37695560,4444,40.52421000,1747154.45763930,0
1641453300000,43131.82000000,43192.77000000,43088.95000000,43190.81000000,59.77149000,1641454199999,2579361.03851820,3389,26.69682000,1152017.63027250,0
1641454200000,43187.25000000,43243.28000000,43029.41000000,43055.73000000,106.49493000,1641455099999,4593355.32572890,5000,57.75094000,2491539.60781200,0
1641455100000,43055.73000000,43268.03000000,43020.41000000,43238.95000000,132.83957000,1641455999999,5735238.13077170,6778,78.81264000,3402905.73135340,0
1641456000000,43238.88000000,43263.03000000,43079.09000000,43103.97000000,122.02766000,1641456899999,5268474.90550520,6380,52.25734000,2256255.82622480,0
1641456900000,43102.30000000,43222.00000000,42950.00000000,43077.55000000,119.68691000,1641457799999,5156338.84028550,5318,53.04690000,2285603.28651850,0
1641457800000,43077.54000000,43098.58000000,42905.42000000,42963.77000000,140.13026000,1641458699999,6025015.90252340,6130,65.11744000,2799749.07599130,0
1641458700000,42963.77000000,43075.27000000,42907.44000000,43048.87000000,90.81461000,1641459599999,3905381.52817420,4230,56.50161000,2430033.23623630,0
1641459600000,43048.87000000,43077.60000000,42858.81000000,42920.00000000,122.50791000,1641460499999,5259459.50910810,4799,52.62722000,2258748.89127330,0
1641460500000,42920.01000000,42985.36000000,42696.64000000,42745.82000000,168.65118000,1641461399999,7226042.98284430,7141,69.59300000,2982675.70574970,0
1641461400000,42745.82000000,42886.25000000,42513.70000000,42792.31000000,335.52489000,1641462299999,14323603.49435690,11091,178.63175000,7626821.57255280,0
1641462300000,42792.32000000,42855.67000000,42420.00000000,42592.67000000,283.83991000,1641463199999,12087722.21711650,10545,133.26039000,5675588.31201930,0
1641463200000,42588.94000000,42750.00000000,42572.87000000,42655.19000000,166.46042000,1641464099999,7103551.20663230,7562,82.80376000,3533430.68072370,0
1641464100000,42653.64000000,42836.87000000,42565.30000000,42810.97000000,198.56510000,1641464999999,8480354.61981290,7070,105.82481000,4521170.97141300,0
1641465000000,42810.96000000,42931.99000000,42737.18000000,42742.00000000,151.81574000,1641465899999,6501043.94023950,5860,71.18780000,3048729.66895790,0
1641465900000,42742.00000000,42945.55000000,42722.58000000,42871.76000000,136.00551000,1641466799999,5830272.94636950,6066,69.26532000,2969550.91443630,0
1641466800000,42871.77000000,42933.00000000,42807.17000000,42933.00000000,110.64548000,1641467699999,4745756.82872200,4544,71.56049000,3069056.48056320,0
1641467700000,42932.99000000,42942.85000000,42782.60000000,42790.11000000,81.24610000,1641468599999,3481065.97134410,4252,41.24924000,1767167.77092570,0
1641468600000,42790.11000000,42874.59000000,42675.97000000,42684.73000000,76.49447000,1641469499999,3271809.78974810,4687,39.53282000,1691031.93851360,0
1641469500000,42684.73000000,42933.00000000,42684.73000000,42869.72000000,94.62822000,1641470399999,4055204.54038310,4809,60.56411000,2595591.14093050,0
1641470400000,42869.71000000,42941.74000000,42744.59000000,42747.26000000,99.11163000,1641471299999,4244946.28806370,4431,45.66840000,1955964.87622110,0
1641471300000,42747.99000000,42843.75000000,42630.00000000,42649.06000000,94.65029000,1641472199999,4043655.18176910,4736,50.45627000,2156046.98967360,0
1641472200000,42649.06000000,42818.62000000,42635.00000000,42755.79000000,92.93666000,1641473099999,3972986.70070230,4725,47.19249000,2017410.85790700,0
1641473100000,42752.97000000,43050.00000000,42731.81000000,43038.91000000,174.32613000,1641473999999,7483716.11278800,5886,85.28792000,3661106.34154050,0
1641474000000,43046.66000000,43168.56000000,43000.00000000,43039.94000000,186.05693000,1641474899999,8015034.92917840,7113,115.62045000,4980582.54067370,0
1641474900000,43039.81000000,43096.23000000,42918.36000000,42996.21000000,124.32094000,1641475799999,5345874.99960390,5239,62.67471000,2695078.35497780,0
1641475800000,42996.21000000,43012.89000000,42900.00000000,42977.93000000,78.75040000,1641476699999,3383222.29892650,4223,35.88693000,1541902.31411850,0
1641476700000,42977.93000000,43175.98000000,42950.56000000,43139.65000000,142.06518000,1641477599999,6123234.12925560,5789,59.49553000,2564310.57908160,0
1641477600000,43139.65000000,43181.54000000,43012.37000000,43029.85000000,127.37316000,1641478499999,5488068.46496170,5211,59.10656000,2546295.05765110,0
1641478500000,43029.84000000,43047.66000000,42851.49000000,42866.42000000,142.28368000,1641479399999,6111058.41062160,5264,88.61500000,3806010.59410440,0
1641479400000,42869.00000000,43228.84000000,42869.00000000,43116.82000000,257.23008000,1641480299999,11092751.34661700,8191,138.29831000,5962552.69656680,0
1641480300000,43116.82000000,43136.51000000,42764.98000000,42804.36000000,348.74987000,1641481199999,14962655.95590020,9565,130.62887000,5605646.16521490,0
1641481200000,42804.35000000,42869.18000000,42655.66000000,42724.97000000,213.93177000,1641482099999,9141429.78857510,7562,121.80665000,5204472.47741130,0
1641482100000,42724.98000000,42926.96000000,42712.03000000,42862.22000000,153.70238000,1641482999999,6584650.67885410,5828,93.65453000,4011890.31725360,0
1641483000000,42862.22000000,42998.12000000,42820.32000000,42873.57000000,147.04638000,1641483899999,6313548.77534110,6448,76.64710000,3290690.22517500,0
1641483900000,42873.57000000,43010.93000000,42842.17000000,42942.04000000,127.05051000,1641484799999,5457940.12559540,4226,51.14608000,2196652.86845510,0
1641484800000,42943.55000000,43050.00000000,42878.25000000,42990.79000000,119.85885000,1641485699999,5150744.29084070,4712,67.13879000,2885552.95329250,0
1641485700000,42989.62000000,43091.50000000,42818.00000000,42858.34000000,127.56393000,1641486599999,5480429.03302230,5061,59.01146000,2535912.50646030,0
1641486600000,42858.34000000,42957.66000000,42751.33000000,42887.56000000,127.27592000,1641487499999,5450488.32281180,5124,55.04553000,2358169.63485950,0
1641487500000,42883.61000000,42920.00000000,42795.26000000,42878.55000000,85.37911000,1641488399999,3659303.37057010,3999,39.59143000,1696914.69345530,0
1641488400000,42878.68000000,43000.00000000,42840.01000000,42843.36000000,109.37627000,1641489299999,4695626.60555480,3634,76.87846000,3300881.08036260,0
1641489300000,42843.36000000,43041.97000000,42787.57000000,43033.43000000,118.22885000,1641490199999,5075231.29131250,4072,74.48792000,3198214.19679180,0
1641490200000,43033.84000000,43164.20000000,42978.00000000,43145.06000000,125.49841000,1641491099999,5405806.04697390,4250,60.48470000,2605638.99302460,0
1641491100000,43145.07000000,43164.76000000,42990.00000000,43002.45000000,88.49074000,1641491999999,3812843.44879840,3419,35.36180000,1523233.70967670,0
1641492000000,43001.23000000,43177.38000000,42976.65000000,43135.85000000,86.07008000,1641492899999,3708643.20557070,4069,47.22219000,2034605.28262420,0
1641492900000,43135.85000000,43153.35000000,43013.44000000,43051.83000000,43.18819000,1641493799999,1861102.75981710,3335,21.14558000,911290.77692110,0
1641493800000,43051.83000000,43180.00000000,43027.05000000,43174.91000000,80.33860000,1641494699999,3463934.18901570,3889,38.42040000,1656444.28013360,0
1641494700000,43180.00000000,43386.28000000,43130.56000000,43363.12000000,179.19088000,1641495599999,7757595.12419750,6227,97.76815000,4232378.50009810,0
1641495600000,43363.16000000,43420.41000000,43229.25000000,43320.55000000,152.01386000,1641496499999,6587963.65236370,5198,72.70403000,3151291.11435830,0
1641496500000,43320.55000000,43447.99000000,43302.22000000,43379.86000000,99.38797000,1641497399999,4309692.70817830,3951,44.06069000,1910657.14655290,0
1641497400000,43379.86000000,43460.70000000,43316.45000000,43450.38000000,122.61299000,1641498299999,5323379.14220070,4495,50.89584000,2209537.03147210,0
1641498300000,43450.38000000,43500.00000000,43426.33000000,43434.69000000,100.65757000,1641499199999,4374871.23393530,3830,47.23287000,2052965.00750910,0
1641499200000,43434.69000000,43580.45000000,43390.04000000,43397.87000000,100.33825000,1641500099999,4364226.95550010,4639,45.02404000,1958163.12111750,0
1641500100000,43393.97000000,43404.13000000,43150.00000000,43310.03000000,116.52804000,1641500999999,5040762.65349220,5005,50.02510000,2163941.25540790,0
1641501000000,43310.03000000,43346.29000000,43121.85000000,43224.31000000,107.82903000,1641501899999,4660399.18541610,4491,49.71223000,2148582.40934350,0
1641501900000,43224.74000000,43245.85000000,43112.35000000,43213.90000000,65.83595000,1641502799999,2842917.97427350,3325,35.78980000,1545298.90385080,0
1641502800000,43213.90000000,43235.97000000,43115.85000000,43145.71000000,98.45712000,1641503699999,4250667.97279430,3154,74.98532000,3237136.17899660,0
1641503700000,43145.71000000,43233.07000000,43084.32000000,43190.60000000,102.21664000,1641504599999,4411554.53905550,3480,57.53377000,2482983.56919410,0
1641504600000,43191.62000000,43242.49000000,43117.08000000,43121.87000000,55.04640000,1641505499999,2377333.07122150,2672,27.79578000,1200628.47769470,0
1641505500000,43121.86000000,43180.65000000,43077.08000000,43117.26000000,58.94791000,1641506399999,2542250.09827540,2698,33.61189000,1449649.89812910,0
1641506400000,43117.26000000,43154.10000000,43022.10000000,43026.62000000,60.66090000,1641507299999,2614691.80707060,2547,40.15932000,1731108.15287850,0
1641507300000,43026.08000000,43162.12000000,43010.97000000,43139.98000000,51.61848000,1641508199999,2223874.34838700,3080,25.62199000,1103976.45102320,0
1641508200000,43139.88000000,43225.96000000,43021.47000000,43098.24000000,58.62120000,1641509099999,2528870.64598360,3050,14.89916000,643190.27561090,0
1641509100000,43098.25000000,43196.63000000,43098.25000000,43177.32000000,31.54207000,1641509999999,1360870.21146940,1746,17.40335000,750704.76411700,0
1641510000000,43177.32000000,43187.00000000,43100.28000000,43150.00000000,38.40690000,1641510899999,1657229.97658700,2253,15.64751000,675177.23961970,0
1641510900000,43152.16000000,43157.48000000,43055.31000000,43150.07000000,37.32062000,1641511799999,1608646.46247180,2032,17.24280000,743236.83414850,0
1641511800000,43150.07000000,43234.64000000,43102.99000000,43206.22000000,24.39168000,1641512699999,1053314.20640680,2070,13.53712000,584564.09573700,0
1641512700000,43206.21000000,43223.14000000,43086.35000000,43086.35000000,32.85354000,1641513599999,1417434.97401700,2165,12.92067000,557459.56647480,0
1641513600000,43086.35000000,43142.11000000,42888.00000000,42926.84000000,155.23242000,1641514499999,6673755.27334750,5889,67.78066000,2914663.72819580,0
1641514500000,42926.79000000,42999.70000000,42833.00000000,42903.80000000,92.73982000,1641515399999,3978532.82438830,3763,46.08812000,1977281.81717630,0
1641515400000,42903.81000000,42932.40000000,42740.00000000,42765.84000000,167.24913000,1641516299999,7159080.04037370,5641,74.99190000,3209884.95041180,0
1641516300000,42762.76000000,42874.25000000,42754.29000000,42789.04000000,103.95515000,1641517199999,4450338.23701970,3651,41.30699000,1768307.19737480,0
1641517200000,42788.21000000,42987.34000000,42787.00000000,42922.17000000,89.94418000,1641518099999,3859799.85939320,3943,51.21009000,2197209.65299480,0
1641518100000,42922.08000000,42985.79000000,42800.82000000,42968.22000000,77.19492000,1641518999999,3310331.86197950,3660,42.92676000,1840869.94552770,0
1641519000000,42968.22000000,43020.40000000,42904.99000000,42939.86000000,73.79695000,1641519899999,3170858.13505240,3198,42.25723000,1815758.14319190,0
1641519900000,42939.86000000,43020.40000000,42921.46000000,42995.23000000,42.65830000,1641520799999,1833674.54273410,2435,18.36636000,789406.12145800,0
1641520800000,42995.23000000,43022.01000000,42850.27000000,42866.21000000,49.16407000,1641521699999,2110653.44108640,2760,22.87596000,982300.62516190,0
1641521700000,42866.21000000,42956.19000000,42860.02000000,42930.95000000,50.90341000,1641522599999,2184559.99840030,2682,32.18577000,1381222.71942120,0
1641522600000,42930.96000000,42960.00000000,42770.59000000,42812.27000000,112.31316000,1641523499999,4811237.87903140,3386,48.73512000,2087837.33732850,0
1641523500000,42812.26000000,42859.53000000,42770.21000000,42789.91000000,69.85484000,1641524399999,2990051.21685890,3466,35.72599000,1529164.64151990,0
1641524400000,42790.21000000,42814.88000000,42662.37000000,42760.11000000,117.37873000,1641525299999,5016147.61967100,5065,50.54964000,2160374.68489390,0
1641525300000,42760.11000000,42800.00000000,42100.00000000,42276.25000000,593.55819000,1641526199999,25143287.06074670,17176,250.93500000,10623768.40927540,0
1641526200000,42276.26000000,42344.90000000,41588.00000000,41834.80000000,1063.50024000,1641527099999,44610366.25556870,25798,407.03044000,17080063.11043970,0
1641527100000,41833.36000000,42000.00000000,41750.01000000,41790.13000000,356.21686000,1641527999999,14918479.54010730,10952,192.70651000,8070772.85419080,0
1641528000000,41790.13000000,41894.81000000,41600.00000000,41743.66000000,247.44171000,1641528899999,10335910.46655890,9126,139.17376000,5812681.16969520,0
1641528900000,41743.66000000,41757.49000000,41200.00000000,41447.44000000,557.27257000,1641529799999,23086125.94927930,16140,274.81302000,11383215.10893920,0
1641529800000,41447.44000000,41447.44000000,41000.00000000,41424.03000000,546.64184000,1641530699999,22527997.09030680,15882,218.71005000,9022826.96107470,0
1641530700000,41421.94000000,41768.67000000,41410.92000000,41687.57000000,368.67750000,1641531599999,15345997.02094840,11182,164.55544000,6849676.87214790,0
1641531600000,41687.57000000,41747.24000000,41524.10000000,41716.97000000,179.40342000,1641532499999,7470749.49533140,6588,88.83842000,3699287.16138190,0
1641532500000,41718.79000000,41879.32000000,41711.75000000,41793.35000000,232.39841000,1641533399999,9713964.16383830,6347,95.68684000,3999018.95112050,0
1641533400000,41793.35000000,41949.91000000,41670.00000000,41717.10000000,149.39409000,1641534299999,6248656.67512040,5967,79.23184000,3313593.67005000,0
1641534300000,41717.20000000,41861.87000000,41626.50000000,41832.50000000,223.12090000,1641535199999,9303383.55012310,5415,152.30916000,6351090.52605590,0
1641535200000,41836.47000000,41836.47000000,41605.96000000,41651.23000000,94.06877000,1641536099999,3923934.64374260,4341,38.14009000,1591194.37249000,0
1641536100000,41651.21000000,41764.76000000,41529.87000000,41637.82000000,195.76499000,1641536999999,8152734.77864740,5894,104.65734000,4358160.04361670,0
1641537000000,41637.81000000,41714.52000000,41433.95000000,41520.26000000,244.47071000,1641537899999,10158878.46795840,7466,128.82170000,5351998.14584670,0
1641537900000,41520.27000000,41549.57000000,41402.11000000,41521.35000000,109.04978000,1641538799999,4523646.80124140,4829,56.25962000,2333736.37171810,0
1641538800000,41521.35000000,41537.63000000,41211.27000000,41250.00000000,193.41331000,1641539699999,7992868.09182800,7473,93.18786000,3850551.13170970,0
1641539700000,41250.01000000,41599.99000000,41244.89000000,41599.66000000,198.91108000,1641540599999,8249471.63160670,7312,111.82097000,4636970.03451050,0
1641540600000,41599.75000000,41677.01000000,41410.82000000,41461.09000000,207.65586000,1641541499999,8625651.24585790,6782,89.82541000,3732601.75155960,0
1641541500000,41464.17000000,41721.78000000,41450.10000000,41693.90000000,196.72264000,1641542399999,8188394.35351540,6885,112.06577000,4664641.52658460,0
1641542400000,41706.89000000,41784.39000000,41604.71000000,41740.96000000,137.49098000,1641543299999,5734915.21049810,6584,62.41714000,2603451.36536390,0
1641543300000,41740.97000000,42628.57000000,41566.70000000,42262.51000000,623.13875000,1641544199999,26309162.24180710,15587,379.52820000,16036553.84188780,0
1641544200000,42262.52000000,42538.30000000,42111.74000000,42188.34000000,288.55072000,1641545099999,12206452.10518520,10408,132.82399000,5618541.37252320,0
1641545100000,42188.35000000,42229.81000000,42032.55000000,42076.79000000,89.20795000,1641545999999,3758546.68839230,4778,45.52624000,1918097.97681190,0
1641546000000,42076.85000000,42337.84000000,42054.72000000,42327.35000000,109.69576000,1641546899999,4629241.72712480,5108,64.64074000,2727816.24515390,0
1641546900000,42327.34000000,42518.69000000,42235.45000000,42405.98000000,132.81612000,1641547799999,5630977.20093000,6799,74.75693000,3169657.86993960,0
1641547800000,42405.96000000,42612.24000000,42398.87000000,42452.80000000,190.74841000,1641548699999,8106674.25474630,6723,91.13567000,3873373.37318760,0
1641548700000,42452.80000000,42510.83000000,42373.08000000,42408.81000000,97.77399000,1641549599999,4151897.01610970,4118,36.50174000,1550094.88400190,0
1641549600000,42408.79000000,42517.52000000,42362.98000000,42442.40000000,146.65827000,1641550499999,6224465.18570860,4706,73.48395000,3118731.19489810,0
1641550500000,42442.41000000,42457.59000000,42318.01000000,42318.95000000,81.83172000,1641551399999,3467264.73532250,3949,33.55464000,1421847.56627940,0
1641551400000,42318.95000000,42362.70000000,42269.38000000,42311.06000000,125.66960000,1641552299999,5318375.48924120,4363,69.47217000,2939672.30108050,0
1641552300000,42314.25000000,42340.00000000,42160.03000000,42162.54000000,75.57988000,1641553199999,3193400.29460920,4272,35.39236000,1495690.37934160,0
1641553200000,42161.07000000,42307.04000000,42151.12000000,42259.32000000,96.24627000,1641554099999,4062445.02342040,4412,51.89509000,2190509.88097630,0
1641554100000,42259.33000000,42331.51000000,42216.87000000,42242.46000000,43.13827000,1641554999999,1823312.15988140,3053,23.31963000,985630.03760930,0
1641555000000,42242.46000000,42263.32000000,42173.91000000,42238.82000000,48.09425000,1641555899999,2030506.95934570,3476,22.43548000,947128.93973270,0
1641555900000,42241.92000000,42291.42000000,42187.08000000,42244.05000000,40.96835000,1641556799999,1730211.02414540,3190,21.21793000,896068.66281990,0
1641556800000,42244.06000000,42355.32000000,42244.06000000,42339.48000000,62.26947000,1641557699999,2634938.10830420,3893,34.78926000,1472057.41901080,0
1641557700000,42339.48000000,42450.00000000,42300.10000000,42427.28000000,75.95776000,1641558599999,3218727.57382580,3889,33.93850000,1437768.78866690,0
1641558600000,42427.27000000,42489.59000000,42371.42000000,42453.46000000,93.99753000,1641559499999,3989743.68711870,4045,37.01909000,1571056.97260860,0
1641559500000,42453.45000000,42472.25000000,42351.49000000,42393.06000000,50.24029000,1641560399999,2131056.33793870,3174,24.59424000,1043134.83750620,0
1641560400000,42393.07000000,42481.67000000,42164.25000000,42224.71000000,119.75232000,1641561299999,5069495.05722880,5118,46.82472000,1982628.59218060,0
1641561300000,42220.13000000,42316.89000000,42164.15000000,42287.00000000,87.26673000,1641562199999,3685961.87082610,4947,45.99626000,1942822.32850500,0
1641562200000,42284.54000000,42755.84000000,41200.00000000,41407.55000000,960.75010000,1641563099999,40280841.12213170,26818,429.63740000,18025060.91736200,0
1641563100000,41410.89000000,41724.59000000,41288.44000000,41476.45000000,368.34250000,1641563999999,15286270.98980060,12419,177.10550000,7350665.01460880,0
1641564000000,41482.50000000,41721.78000000,41390.18000000,41709.07000000,173.29392000,1641564899999,7203301.77484800,7832,84.41208000,3508734.69510280,0
1641564900000,41709.17000000,41864.79000000,41649.04000000,41849.98000000,174.82867000,1641565799999,7304856.15237610,6959,96.99305000,4052245.53830070,0
1641565800000,41849.99000000,42003.06000000,41587.91000000,41967.40000000,259.23825000,1641566699999,10826981.16707200,9400,141.60153000,5916014.05640950,0
1641566700000,41970.79000000,42115.20000000,41875.51000000,41885.81000000,217.14165000,1641567599999,9117648.68393020,7369,98.43579000,4134287.36894560,0
1641567600000,41885.87000000,41909.67000000,41517.24000000,41568.65000000,230.99104000,1641568499999,9626480.18220870,8678,125.11451000,5213736.06287560,0
1641568500000,41568.66000000,41666.63000000,41432.30000000,41576.66000000,164.00993000,1641569399999,6814026.33194650,6462,75.15955000,3122758.51024400,0
1641569400000,41572.64000000,41649.99000000,41167.34000000,41239.97000000,315.37152000,1641570299999,13049145.80907580,9172,124.79557000,5163126.07192220,0
1641570300000,41239.97000000,41476.69000000,40635.14000000,41311.47000000,1059.16622000,1641571199999,43483605.12287530,24147,485.59297000,19943818.69424700,0
1641571200000,41310.00000000,41545.95000000,41000.00000000,41179.77000000,485.62054000,1641572099999,20068804.41938340,12148,273.33146000,11299514.64201930,0
1641572100000,41185.21000000,41822.00000000,40927.70000000,41684.72000000,520.97345000,1641572999999,21545999.69634570,14063,287.35829000,11889677.25420830,0
1641573000000,41686.29000000,41777.62000000,41549.05000000,41713.36000000,201.14381000,1641573899999,8383929.70288230,6894,106.80913000,4452409.37315110,0
1641573900000,41710.90000000,42303.03000000,41640.51000000,42134.21000000,415.56937000,1641574799999,17435410.14828310,10976,272.48633000,11432247.62415130,0
1641574800000,42134.04000000,42153.43000000,41929.56000000,41982.20000000,152.24742000,1641575699999,6397935.29614700,5632,77.51332000,3256910.92011980,0
1641575700000,41982.20000000,42035.35000000,41781.43000000,41910.23000000,123.35310000,1641576599999,5167572.79421390,4758,65.01136000,2723614.19379310,0
1641576600000,41910.23000000,41910.23000000,41761.59000000,41873.81000000,98.65291000,1641577499999,4127336.77873600,3522,42.27647000,1768428.40675280,0
1641577500000,41873.81000000,42000.99000000,41849.48000000,41987.07000000,83.18705000,1641578399999,3489415.77877450,3338,47.44228000,1990304.39070980,0
1641578400000,41987.07000000,42000.00000000,41867.73000000,41916.12000000,74.87611000,1641579299999,3139413.67040020,3539,36.55944000,1532695.63639400,0
1641579300000,41916.12000000,41987.41000000,41650.91000000,41666.83000000,131.98743000,1641580199999,5512468.21417870,4433,49.13756000,2052713.38960900,0
1641580200000,41666.83000000,41828.92000000,41662.46000000,41679.19000000,59.76480000,1641581099999,2494495.68366300,3294,30.82731000,1286653.71332170,0
1641581100000,41679.20000000,41713.87000000,41525.74000000,41695.07000000,101.87206000,1641581999999,4240210.51887200,4095,47.39004000,1972614.34113220,0
1641582000000,41695.07000000,41757.90000000,41514.09000000,41535.57000000,100.14544000,1641582899999,4167188.85207360,4105,51.49692000,2142807.18718370,0
1641582900000,41535.56000000,41721.94000000,41535.56000000,41718.73000000,70.44613000,1641583799999,2931942.52609270,3206,43.32060000,1803110.53088640,0
1641583800000,41721.99000000,41818.95000000,41681.72000000,41782.76000000,89.43984000,1641584699999,3735736.35256620,3849,55.08114000,2300544.72972150,0
1641584700000,41782.76000000,41891.80000000,41709.93000000,41763.47000000,92.73883000,1641585599999,3875544.23754360,3962,43.37628000,1812714.80785380,0
1641585600000,41766.84000000,41935.68000000,41689.74000000,41713.23000000,82.18121000,1641586499999,3439347.01839100,3936,40.37134000,1689691.72946160,0
1641586500000,41711.05000000,41747.23000000,41591.06000000,41671.93000000,104.33630000,1641587399999,4346320.49994930,4196,47.44450000,1976239.66463750,0
1641587400000,41671.93000000,41888.00000000,41648.67000000,41841.50000000,88.95852000,1641588299999,3718849.18472630,3696,52.02739000,2174896.27351480,0
1641588300000,41841.51000000,42048.12000000,41788.75000000,41917.80000000,138.74056000,1641589199999,5819192.72895220,4835,75.09716000,3150117.45308730,0
1641589200000,41917.79000000,42033.79000000,41873.49000000,41878.23000000,116.33736000,1641590099999,4881247.87083350,3542,70.41921000,2954792.75797940,0
1641590100000,41877.14000000,41976.15000000,41855.08000000,41855.08000000,39.04231000,1641590999999,1635974.83553360,2161,16.76104000,702301.91774330,0
1641591000000,41855.79000000,41958.10000000,41847.82000000,41913.63000000,41.10095000,1641591899999,1722062.26407640,2526,16.48692000,690790.76278330,0
1641591900000,41913.75000000,41958.51000000,41868.00000000,41868.87000000,42.87213000,1641592799999,1796799.96245190,2208,22.11762000,926864.04992390,0
1641592800000,41868.87000000,41868.87000000,41698.94000000,41698.94000000,83.55956000,1641593699999,3491543.19430970,3634,35.15789000,1468826.48169660,0
1641593700000,41698.94000000,41809.67000000,41675.44000000,41758.51000000,61.18577000,1641594599999,2554597.27223490,3058,29.63522000,1237273.11282290,0
1641594600000,41759.38000000,41760.15000000,41555.00000000,41563.72000000,60.75502000,1641595499999,2531103.96961090,3303,25.14851000,1047703.36895600,0
1641595500000,41563.72000000,41640.68000000,41364.00000000,41536.72000000,102.15325000,1641596399999,4238842.64326560,4254,39.25044000,1628707.96833470,0
1641596400000,41536.72000000,41582.91000000,41439.33000000,41470.83000000,100.75445000,1641597299999,4184202.02199070,2916,31.33560000,1301234.34256890,0
1641597300000,41470.82000000,41535.97000000,41251.00000000,41493.97000000,136.87618000,1641598199999,5668535.82312090,3881,44.36661000,1837652.34611730,0
1641598200000,41493.96000000,41580.47000000,41493.96000000,41562.44000000,71.08746000,1641599099999,2953302.79026750,2324,26.35418000,1094698.43584410,0
1641599100000,41562.45000000,41569.99000000,41417.94000000,41556.89000000,36.93764000,1641599999999,1533032.75488210,2106,15.51000000,643657.45777130,0
1641600000000,41556.90000000,41739.00000000,41556.90000000,41704.24000000,125.32367000,1641600899999,5220355.29990240,4901,58.35397000,2430759.20325850,0
1641600900000,41704.25000000,41822.34000000,41685.91000000,41773.70000000,108.70100000,1641601799999,4540999.33904340,3963,53.59497000,2238922.63818130,0
1641601800000,41773.69000000,41817.87000000,41690.29000000,41798.21000000,44.06465000,1641602699999,1839742.61487520,2714,21.95743000,916743.81286740,0
1641602700000,41798.17000000,42103.93000000,41783.27000000,41990.53000000,250.71592000,1641603599999,10514898.38451310,6374,114.23169000,4793905.06514280,0
1641603600000,41990.53000000,42233.23000000,41929.56000000,42179.52000000,162.38651000,1641604499999,6837844.05460520,5902,85.26243000,3589348.41228990,0
1641604500000,42179.35000000,42179.35000000,41931.03000000,42000.38000000,108.03806000,1641605399999,4541417.71614060,3918,49.03739000,2061394.14927800,0
1641605400000,42000.39000000,42047.52000000,41933.00000000,42009.59000000,39.64962000,1641606299999,1664724.46180150,2127,16.84189000,707061.45301280,0
1641606300000,42009.58000000,42050.00000000,41838.46000000,41879.60000000,62.40262000,1641607199999,2616088.64412690,3330,29.86521000,1251932.67330570,0
1641607200000,41882.54000000,41935.32000000,41815.50000000,41863.12000000,56.48930000,1641608099999,2364827.46128540,2933,26.09700000,1092278.19028930,0
1641608100000,41863.11000000,41906.38000000,41797.76000000,41822.87000000,31.59819000,1641608999999,1322446.08391660,1971,17.48552000,731749.13857460,0
1641609000000,41822.74000000,41826.12000000,41694.30000000,41723.61000000,68.10149000,1641609899999,2842806.43795640,3375,30.62334000,1278343.08366730,0
1641609900000,41723.61000000,41879.77000000,41723.61000000,41877.25000000,83.26246000,1641610799999,3482941.11920540,2320,62.96561000,2633959.13600730,0
1641610800000,41877.25000000,41895.64000000,41816.32000000,41830.13000000,39.01670000,1641611699999,1633079.68390450,1935,18.05867000,755744.53725260,0
1641611700000,41830.13000000,41846.33000000,41642.85000000,41748.81000000,80.12091000,1641612599999,3343197.24442510,3289,40.08042000,1672328.92143710,0
1641612600000,41748.81000000,41842.80000000,41696.95000000,41800.95000000,29.52267000,1641613499999,1233369.69289950,2182,16.80991000,702294.09878040,0
1641613500000,41800.95000000,41857.17000000,41702.92000000,41797.51000000,40.91867000,1641614399999,1710150.11616720,2310,20.56324000,859365.15832180,0
1641614400000,41800.00000000,41892.50000000,41783.07000000,41816.32000000,37.69028000,1641615299999,1576634.22135060,2300,14.93337000,624695.44901200,0
1641615300000,41816.33000000,41877.96000000,41781.55000000,41830.05000000,28.49538000,1641616199999,1192199.14397860,1879,10.83527000,453303.69739000,0
1641616200000,41830.04000000,41986.02000000,41753.66000000,41938.03000000,55.62389000,1641617099999,2330013.39886160,2796,28.46089000,1192317.86594300,0
1641617100000,41938.03000000,41977.55000000,41886.07000000,41896.61000000,60.50276000,1641617999999,2536895.54770010,2283,29.90191000,1253627.25994890,0
1641618000000,41896.61000000,41926.85000000,41837.66000000,41919.61000000,24.67763000,1641618899999,1033547.15763510,2077,11.05873000,463193.16248280,0
1641618900000,41919.62000000,41950.00000000,41874.56000000,41947.13000000,28.84441000,1641619799999,1209119.28438150,1935,17.14177000,718511.83133890,0
1641619800000,41947.13000000,41950.00000000,41834.43000000,41876.30000000,54.19481000,1641620699999,2271500.44185140,2158,33.90543000,1421497.61838300,0
1641620700000,41876.29000000,41985.56000000,41833.35000000,41966.72000000,77.11571000,1641621599999,3234480.30869300,2326,57.58620000,2415246.75367070,0
1641621600000,41966.72000000,41985.43000000,41870.16000000,41887.56000000,42.07114000,1641622499999,1763420.12566580,2400,18.50126000,775546.22885580,0
1641622500000,41887.57000000,41959.78000000,41862.53000000,41868.51000000,39.41315000,1641623399999,1651963.49181440,2473,17.82017000,746944.27244010,0
1641623400000,41868.50000000,41874.68000000,41750.00000000,41833.40000000,74.85688000,1641624299999,3129028.78536540,2875,26.63194000,1113168.03805710,0
1641624300000,41832.85000000,41930.00000000,41735.43000000,41913.88000000,58.33446000,1641625199999,2440970.78189030,2744,32.09032000,1342820.89721870,0
1641625200000,41913.88000000,41962.57000000,41881.99000000,41919.97000000,50.36876000,1641626099999,2112251.42359130,2685,25.88563000,1085566.37451890,0
1641626100000,41919.98000000,41931.00000000,41843.12000000,41898.89000000,41.88707000,1641626999999,1754761.54376310,2225,16.64905000,697410.03213930,0
1641627000000,41898.89000000,41963.62000000,41843.14000000,41861.04000000,41.80346000,1641627899999,1752114.40025890,2877,17.97478000,753377.06394620,0
1641627900000,41860.44000000,41949.99000000,41840.42000000,41907.44000000,33.96075000,1641628799999,1422437.42726030,2825,13.93594000,583692.58118700,0
1641628800000,41907.44000000,42166.66000000,41907.43000000,42120.11000000,149.14786000,1641629699999,6272602.43680430,5076,88.09800000,3704293.27165560,0
1641629700000,42120.11000000,42125.48000000,41978.29000000,41992.02000000,126.81127000,1641630599999,5335193.09399000,3649,67.51995000,2840352.03417450,0
1641630600000,41991.54000000,42023.70000000,41887.00000000,41929.94000000,97.28562000,1641631499999,4079909.90044210,4063,37.84912000,1587257.44230490,0
1641631500000,41929.94000000,42023.34000000,41920.98000000,41962.34000000,91.35261000,1641632399999,3835245.62840760,2958,55.27976000,2320819.76021500,0
1641632400000,41962.34000000,42099.87000000,41957.45000000,42099.87000000,59.08704000,1641633299999,2484131.98367150,2875,34.66102000,1457178.28509250,0
1641633300000,42099.87000000,42099.87000000,41976.01000000,42002.89000000,61.57237000,1641634199999,2587395.22308350,2518,21.68478000,911095.67543800,0
1641634200000,42002.88000000,42146.98000000,41957.96000000,42103.28000000,64.24985000,1641635099999,2702292.75419590,3427,31.94397000,1343325.20545910,0
1641635100000,42103.28000000,42155.00000000,42061.92000000,42154.89000000,65.51079000,1641635999999,2759126.66079570,3036,37.59294000,1583322.37552920,0
1641636000000,42153.24000000,42192.33000000,42057.79000000,42111.76000000,47.16249000,1641636899999,1986698.03829440,3048,22.38274000,942794.12432770,0
1641636900000,42111.75000000,42111.75000000,42017.07000000,42089.79000000,35.81534000,1641637799999,1506157.90083780,2349,16.19842000,681096.01542880,0
1641637800000,42089.99000000,42142.85000000,41981.89000000,42013.87000000,72.43217000,1641638699999,3046615.26558930,3687,33.19534000,1396467.43897910,0
1641638700000,42013.87000000,42013.87000000,41806.30000000,41919.46000000,109.93510000,1641639599999,4605464.69997220,4555,54.80941000,2295909.65596030,0
1641639600000,41919.45000000,41926.91000000,41780.00000000,41819.07000000,91.51439000,1641640499999,3827459.34778770,3881,45.08841000,1885716.57320790,0
1641640500000,41819.07000000,41874.41000000,41780.01000000,41836.21000000,54.29111000,1641641399999,2271404.53515770,2691,30.54093000,1277611.06578750,0
1641641400000,41836.21000000,41900.00000000,41764.83000000,41893.77000000,46.28060000,1641642299999,1935038.28917850,2783,25.64740000,1072292.12713620,0
1641642300000,41893.77000000,41968.83000000,41869.69000000,41939.62000000,52.18522000,1641643199999,2187055.11767720,2365,25.27400000,1059208.50710090,0
1641643200000,41939.63000000,42050.00000000,41885.68000000,41989.94000000,55.95624000,1641644099999,2348899.40926460,3366,23.53060000,987809.63319660,0
1641644100000,41989.94000000,41993.70000000,41843.11000000,41909.99000000,65.24075000,1641644999999,2733151.62080560,3559,31.18344000,1306335.16860600,0
1641645000000,41910.00000000,41918.71000000,41770.00000000,41778.11000000,83.78816000,1641645899999,3504894.34883920,3968,38.77908000,1622115.91386410,0
1641645900000,41778.12000000,41903.54000000,41773.60000000,41871.46000000,47.66179000,1641646799999,1993909.74831970,2889,23.71566000,992219.17149330,0
1641646800000,41871.46000000,41936.52000000,41797.93000000,41847.42000000,42.59027000,1641647699999,1783176.84798320,2531,20.78619000,870429.05374680,0
1641647700000,41847.42000000,41906.00000000,41608.05000000,41893.79000000,131.63054000,1641648599999,5492923.92581760,5293,65.99727000,2753790.33187300,0
1641648600000,41893.80000000,41945.80000000,41820.00000000,41909.05000000,47.07200000,1641649499999,1972059.52478870,2904,21.57124000,903663.80051890,0
1641649500000,41909.05000000,42023.71000000,41857.20000000,41904.66000000,105.75181000,1641650399999,4436944.96805730,4203,66.05433000,2771133.26497490,0
1641650400000,41904.67000000,41983.79000000,41885.51000000,41971.87000000,40.74546000,1641651299999,1709211.93700440,2976,22.02562000,923969.00590860,0
1641651300000,41971.87000000,41989.12000000,41850.00000000,41888.18000000,53.10656000,1641652199999,2225043.57699830,3343,21.74094000,910789.07097110,0
1641652200000,41888.18000000,41908.42000000,41792.37000000,41846.67000000,45.69511000,1641653099999,1912070.57892690,3345,22.08060000,923852.54250500,0
1641653100000,41846.68000000,41878.38000000,41700.00000000,41741.07000000,64.88958000,1641653999999,2712418.94641090,3270,25.00981000,1045565.81653160,0
1641654000000,41747.06000000,41794.07000000,41450.11000000,41587.25000000,247.25271000,1641654899999,10280764.96834250,8260,110.10033000,4576806.79371170,0
1641654900000,41579.45000000,41709.47000000,41577.09000000,41632.53000000,63.49987000,1641655799999,2644249.04667710,3430,32.69865000,1361635.34862160,0
1641655800000,41632.58000000,41682.88000000,41513.66000000,41675.93000000,60.66711000,1641656699999,2523222.75148270,3852,33.47967000,1392548.10239030,0
1641656700000,41675.92000000,41725.14000000,41575.76000000,41610.05000000,61.96770000,1641657599999,2579899.14093770,3711,31.32501000,1304177.97116810,0
1641657600000,41610.05000000,41729.99000000,41513.39000000,41713.19000000,75.45259000,1641658499999,3141410.85045250,4231,40.32907000,1679115.32608080,0
1641658500000,41713.19000000,41731.64000000,41500.00000000,41528.05000000,64.44111000,1641659399999,2680499.85267070,3697,34.11011000,1418811.52201500,0
1641659400000,41528.05000000,41528.05000000,41309.52000000,41438.30000000,173.69938000,1641660299999,7199400.66549870,6892,74.46319000,3086113.31436140,0
1641660300000,41438.30000000,41535.69000000,41219.76000000,41345.99000000,195.38674000,1641661199999,8088402.41546260,6583,83.59717000,3460734.09364280,0
1641661200000,41345.62000000,41400.90000000,41130.42000000,41172.09000000,332.52496000,1641662099999,13713524.69616900,9321,115.60183000,4768245.56704840,0
1641662100000,41172.09000000,41364.86000000,41172.09000000,41265.57000000,132.91656000,1641662999999,5486860.89222420,4766,65.89653000,2718893.03968760,0
1641663000000,41265.56000000,41265.57000000,40955.00000000,41113.53000000,252.76731000,1641663899999,10385222.75240860,9012,108.75901000,4468450.73722690,0
1641663900000,41116.85000000,41295.80000000,40801.00000000,40839.72000000,359.11989000,1641664799999,14736385.44600590,11158,166.80812000,6844068.36489860,0
1641664800000,40841.77000000,41077.56000000,40577.00000000,40797.33000000,586.78391000,1641665699999,23906576.28845890,16921,262.18928000,10685721.92306410,0
1641665700000,40797.33000000,41305.49000000,40722.66000000,41112.58000000,413.34975000,1641666599999,16965169.15947810,11923,214.90634000,8818605.78767250,0
1641666600000,41114.58000000,41221.99000000,40980.00000000,40994.85000000,157.64748000,1641667499999,6478367.71726190,6221,66.26848000,2723737.79229820,0
1641667500000,40994.85000000,41075.38000000,40631.02000000,40682.50000000,186.07923000,1641668399999,7604417.34424990,7704,80.14353000,3275206.38930760,0
1641668400000,40682.50000000,41097.87000000,40524.00000000,41013.08000000,388.57162000,1641669299999,15858951.00073080,12717,201.12696000,8210170.27236720,0
1641669300000,41016.60000000,41048.99000000,40659.75000000,40802.33000000,188.53390000,1641670199999,7695626.66930020,7459,84.60141000,3453130.46481450,0
1641670200000,40802.32000000,40989.03000000,40737.31000000,40759.43000000,140.96833000,1641671099999,5762671.63266070,6089,61.79179000,2525902.89217610,0
1641671100000,40764.81000000,40933.21000000,40702.00000000,40832.52000000,210.08571000,1641671999999,8567894.02472740,6663,107.49633000,4382907.22368880,0
1641672000000,40828.54000000,40973.68000000,40739.72000000,40785.45000000,203.04468000,1641672899999,8292838.62748280,6075,88.06739000,3598048.87313180,0
1641672900000,40785.45000000,41046.33000000,40725.06000000,41005.07000000,156.62991000,1641673799999,6405673.24268790,5381,76.84350000,3141806.01466430,0
1641673800000,41006.95000000,41175.96000000,40948.44000000,41024.46000000,125.98599000,1641674699999,5171642.27098650,5059,66.89837000,2746157.19537710,0
1641674700000,41024.46000000,41054.59000000,40909.37000000,40979.73000000,76.87717000,1641675599999,3150175.38377100,3503,28.62158000,1172435.00621220,0
1641675600000,40979.73000000,41171.53000000,40925.92000000,41154.67000000,99.06024000,1641676499999,4070483.66224010,3869,62.06737000,2550279.29866490,0
1641676500000,41158.65000000,41470.40000000,41103.15000000,41417.34000000,158.04527000,1641677399999,6526120.42078310,6399,85.46762000,3530643.98794820,0
1641677400000,41417.33000000,42092.78000000,41379.90000000,41941.56000000,357.96391000,1641678299999,14933830.94274540,11199,213.79516000,8924353.00721110,0
1641678300000,41941.57000000,42038.69000000,41739.00000000,41775.52000000,190.34039000,1641679199999,7964936.65331070,6908,96.10845000,4021777.48594320,0
1641679200000,41777.74000000,42068.96000000,41743.64000000,41970.57000000,139.27137000,1641680099999,5834698.13494400,5709,75.99543000,3183261.54542000,0
1641680100000,41970.56000000,42306.69000000,41909.52000000,42294.33000000,241.21076000,1641680999999,10161867.32508950,8401,115.61362000,4872784.05594390,0
1641681000000,42294.33000000,42296.22000000,42050.04000000,42166.53000000,68.49770000,1641681899999,2887503.35633260,4430,26.57385000,1120091.12278490,0
1641681900000,42169.16000000,42195.00000000,41886.55000000,41920.24000000,95.78474000,1641682799999,4024344.37898850,4303,33.03557000,1387955.03198760,0
1641682800000,41920.25000000,41951.39000000,41821.82000000,41869.32000000,81.15549000,1641683699999,3398696.38937540,3550,36.85811000,1543635.02945490,0
1641683700000,41870.43000000,41930.81000000,41778.65000000,41790.88000000,61.93327000,1641684599999,2592221.90823590,2621,27.42255000,1147665.66768940,0
1641684600000,41786.65000000,41890.00000000,41764.93000000,41866.39000000,51.80831000,1641685499999,2166672.36990160,2118,28.74658000,1202326.94094160,0
1641685500000,41866.39000000,41869.77000000,41604.43000000,41678.35000000,96.53865000,1641686399999,4026447.79153610,3298,33.45604000,1395807.56997830,0
1641686400000,41680.13000000,41693.83000000,41394.44000000,41595.97000000,231.67802000,1641687299999,9622705.58102300,8370,120.11035000,4988378.44091940,0
1641687300000,41595.88000000,41666.40000000,41460.01000000,41482.47000000,98.80668000,1641688199999,4104393.90846120,4245,48.73616000,2023965.88117700,0
1641688200000,41482.47000000,41631.23000000,41460.36000000,41581.97000000,190.65747000,1641689099999,7924544.96781040,3764,53.94873000,2242177.66676000,0
1641689100000,41581.97000000,41826.86000000,41579.78000000,41773.18000000,140.85496000,1641689999999,5879197.38085730,4992,67.40068000,2812481.93423120,0
1641690000000,41773.18000000,41922.80000000,41685.72000000,41776.36000000,129.90354000,1641690899999,5434212.49919560,4128,64.04700000,2679327.37969880,0
1641690900000,41776.36000000,41792.02000000,41612.08000000,41633.12000000,62.38734000,1641691799999,2602137.37427250,3254,30.48593000,1271468.47547770,0
1641691800000,41633.18000000,41764.55000000,41607.07000000,41641.33000000,66.71112000,1641692699999,2781228.71903370,3124,37.69709000,1571631.36254870,0
1641692700000,41641.32000000,41850.00000000,41618.06000000,41808.60000000,85.94277000,1641693599999,3588135.78295630,3099,47.44752000,1980577.85634450,0
1641693600000,41808.95000000,41910.55000000,41786.73000000,41855.54000000,62.77053000,1641694499999,2626549.16693760,2901,33.69643000,1409813.76046250,0
1641694500000,41857.29000000,42014.00000000,41842.72000000,42009.60000000,129.52746000,1641695399999,5433535.69660520,4293,69.64209000,2921029.11995160,0
1641695400000,42008.47000000,42135.89000000,41948.99000000,42094.36000000,249.54535000,1641696299999,10492006.55045370,4543,138.47212000,5822718.75265800,0
1641696300000,42094.10000000,42170.04000000,42050.00000000,42099.99000000,150.01065000,1641697199999,6318485.86239380,4387,72.09582000,3036432.22879050,0
1641697200000,42099.98000000,42099.98000000,41944.25000000,41965.13000000,89.83565000,1641698099999,3773336.79453020,3138,40.95416000,1720043.31491700,0
1641698100000,41965.13000000,42041.49000000,41914.28000000,41998.71000000,64.23847000,1641698999999,2697339.85839770,2674,39.40615000,1654527.89278740,0
1641699000000,41996.60000000,41996.60000000,41838.38000000,41854.99000000,62.87662000,1641699899999,2635256.89294900,2877,30.98671000,1298652.74724370,0
1641699900000,41854.99000000,41889.06000000,41810.00000000,41829.84000000,32.64845000,1641700799999,1366074.63729750,1410,16.29865000,682013.99454120,0
